fName,lName,phone,email,guestID
Shannon,Spencelayh,558-453-8789,sspencelayh0@ehow.com,1
Edik,Diggons,596-992-2417,ediggons1@irs.gov,2
Maggy,Bearcroft,955-359-6423,mbearcroft2@shutterfly.com,3
Berkie,Goldby,127-402-4444,bgoldby3@altervista.org,4
Pierce,Brownell,535-250-6174,pbrownell4@netlog.com,5
Shay,Bertolaccini,688-507-5831,sbertolaccini5@php.net,6
Dolley,Olner,101-621-2295,dolner6@seesaa.net,7
Jacki,Kadwallider,754-302-7091,jkadwallider7@ehow.com,8
Bartel,Charlin,817-637-0991,bcharlin8@mapquest.com,9
Wilek,Siehard,522-968-7010,wsiehard9@google.co.jp,10
Moe,Pieracci,346-111-0172,mpieraccia@yellowpages.com,11
Selena,McKain,356-890-3174,smckainb@spotify.com,12
Parrnell,Osichev,599-992-8076,posichevc@narod.ru,13
Lindsay,Bocken,530-181-1672,lbockend@unicef.org,14
Austina,Scutter,472-776-1846,ascuttere@stanford.edu,15
Avery,Bowgen,327-237-3308,abowgenf@ox.ac.uk,16
Hello,Tester,999-123-4567,HelloTester@gmail.com,17
Bob,Gob,555-5555,bobgob@yahoo.com,18
Reservation,Confirmation,111-999-8888,resertester@gmail.com,19
Layover,TilNext,111-111-1111,checknext@gmail.com,20
GoingInto,NextMonh,222-333-4444,goinnex@gmail.com,21
Big,Spender,777-111-2222,BigSpend@gmail.com,22
TheYear,NextYear,999-999-9999,NextYear@gmail.com,23Jimmy,Bob,555-5094,jimmyBob@yahoo.com,24
Jimmy,Bob,555-5094,jimmyBob@yahoo.com,25
